﻿<?xml version="1.0" encoding="UTF-8"?>
<wml><AppClass id="1"><appname>应用服务器</appname></AppClass><AppClass id="2"><appname>数据库服务器</appname></AppClass><AppClass id="3"><appname>日志服务器</appname></AppClass><AppClass id="4"><appname>功能服务器</appname></AppClass><AppClass id="5"><appname>静态服务器</appname></AppClass><AppClass id="6"><appname>负载均衡服务器</appname></AppClass><AppClass id="7"><appname>测试服务器</appname></AppClass><AppClass id="8"><appname>退役服务器</appname></AppClass><AppClass id="9"><appname>企业托管</appname></AppClass><AppClass id="10"><appname>安全检测服务器</appname></AppClass><AppClass id="11"><appname>DNS服务器</appname></AppClass><AppClass id="12"><appname>邮件服务器</appname></AppClass><AppClass id="13"><appname>游戏服务器</appname></AppClass></wml>